StudentName,DateOfBirth,AcademicYear,Gender,Grade,EnrollmentDate,SchoolID
Erik Vaughn,2007-02-10,2025,F,6,2025-08-17,SCH007
Zachary Morales,2018-04-23,2025,M,5,2025-09-15,SCH015
Brad Simon,2015-12-05,2024,M,3,2024-08-23,SCH001
Timothy Ford,2012-12-06,2024,M,5,2024-09-26,SCH017
Charles Williams,2011-02-12,2023,F,2,2023-08-25,SCH019
Heather Conner,2006-12-04,2024,F,8,2024-08-31,SCH020
Heather Downs,2008-11-05,2022,M,8,2022-08-29,SCH017
Angela Delgado,2018-05-18,2023,M,7,2023-09-02,SCH002
Scott Ruiz,2016-02-26,2023,F,9,2023-09-02,SCH009
Sophia Jones,2008-06-18,2025,F,4,2025-08-28,SCH018
Ronald Jones,2008-01-29,2024,M,7,2024-09-28,SCH020
Brandon Burns,2019-03-26,2024,M,9,2024-08-22,SCH007
Lisa Yang,2020-06-22,2023,M,5,2023-08-24,SCH002
Russell King,2011-12-01,2023,M,5,2023-09-14,SCH006
Ian Johnson,2014-12-24,2025,M,2,2025-08-16,SCH005
William Smith,2008-05-24,2024,F,4,2024-09-06,SCH013
Kimberly Long,2015-04-06,2025,M,5,2025-09-10,SCH010
Nicole Edwards,2014-06-03,2023,M,3,2023-09-03,SCH015
Tracy Washington,2019-01-27,2022,M,1,2022-08-17,SCH015
William Morgan,2007-07-27,2022,M,5,2022-09-23,SCH004
Anthony Williams,2008-11-23,2024,M,9,2024-09-16,SCH018
Connor Davis,2020-03-16,2022,M,2,2022-09-09,SCH004
Chad Elliott,2008-03-13,2023,F,2,2023-09-14,SCH013
Michelle Rodriguez,2013-03-25,2022,M,9,2022-09-27,SCH020
Ryan Allen,2019-07-07,2024,F,8,2024-09-21,SCH009
Michelle Hood,2019-09-18,2024,F,4,2024-08-21,SCH008
Leonard Lane,2007-03-09,2023,F,11,2023-09-03,SCH010
Brian Brown,2016-09-06,2024,M,6,2024-09-27,SCH005
Robert Munoz,2018-11-13,2022,F,5,2022-09-16,SCH018
Lori Mendoza,2013-10-11,2025,F,2,2025-09-06,SCH017
Jeffrey Smith,2012-06-03,2022,F,11,2022-08-24,SCH013
Christopher Reid,2010-01-18,2023,M,5,2023-08-29,SCH020
Sandra Smith,2007-09-17,2022,F,11,2022-09-21,SCH014
Ashley Kelly,2020-02-11,2023,F,2,2023-09-24,SCH016
Robert Parker,2012-09-14,2024,F,12,2024-08-23,SCH014
Shawn Edwards,2008-08-05,2022,F,3,2022-08-21,SCH005
Alexandra Butler,2008-01-02,2023,M,12,2023-09-22,SCH018
Jennifer Harris,2015-05-27,2024,M,9,2024-08-30,SCH015
Andrew Lewis,2017-09-25,2023,F,9,2023-09-12,SCH020
Leonard Brennan,2009-03-25,2023,M,1,2023-09-24,SCH007
Kenneth Quinn,2015-08-02,2024,F,9,2024-09-20,SCH005
Jessica Ramirez,2014-12-29,2024,M,1,2024-09-07,SCH019
Patrick Thompson,2016-07-22,2024,F,2,2024-09-27,SCH007
Brittany Everett,2010-05-16,2024,M,2,2024-09-04,SCH015
Rachel Price,2008-07-27,2024,M,10,2024-09-22,SCH007
Linda Munoz,2007-10-01,2023,F,8,2023-08-16,SCH003
Christian Miller,2012-08-01,2024,F,9,2024-09-14,SCH013
Alicia Smith,2013-01-20,2024,F,3,2024-08-26,SCH013
Maria Obrien,2018-11-13,2025,M,2,2025-09-04,SCH002
Ryan Allen,2019-07-07,2024,F,8,2024-09-21,SCH009
Amy Lewis,2019-02-21,2023,M,7,2023-08-15,SCH010
Aaron Baker,2015-09-28,2024,M,11,2024-09-19,SCH004
Christina Williams,2016-08-20,2024,F,9,2024-08-30,SCH016
Sylvia Caldwell,2008-04-24,2025,M,11,2025-09-11,SCH013
Ann Schmidt,2008-09-28,2025,M,12,2025-09-18,SCH007
Kenneth Nelson,2007-01-30,2022,F,2,2022-09-21,SCH005
Christina Evans,2010-01-06,2022,F,9,2022-09-04,SCH006
Carl Adams,2018-12-06,2024,M,4,2024-08-20,SCH020
Lisa Morgan,2010-01-02,2024,M,5,2024-09-02,SCH017
Gina Johnson,2014-09-26,2025,F,2,2025-09-19,SCH016
Richard Rivera,2014-12-30,2022,M,2,2022-09-28,SCH008
Richard Phillips,2009-02-23,2024,M,10,2024-09-25,SCH002
Lisa White,2006-07-23,2022,M,8,2022-09-22,SCH010
Paige Rivera,2015-09-22,2025,M,6,2025-08-31,SCH018
William Ramirez,2014-05-28,2024,F,9,2024-09-08,SCH016
Tony Miller,2013-05-31,2023,F,2,2023-08-25,SCH019
Theresa Luna,2019-01-31,2023,F,2,2023-08-26,SCH020
Robert Perez,2006-09-29,2025,F,10,2025-08-23,SCH002
Gregory Bond,2009-12-12,2022,M,1,2022-09-28,SCH001
Julie Evans,2015-02-12,2022,M,5,2022-08-26,SCH011
Lauren Jackson,2013-01-12,2022,F,10,2022-08-27,SCH007
Anthony Brown,2006-08-13,2025,F,5,2025-09-04,SCH009
James King,2011-10-09,2022,M,6,2022-09-18,SCH003
BRENT FORD,2017-11-15,2022,M,8,2022-09-14,SCH015
Maria Meza,2009-07-11,2024,M,3,2024-09-01,SCH005
Nathan Mcneil,2012-11-09,2024,M,1,2024-09-13,SCH006
David Gregory,2008-05-29,2024,M,1,2024-09-29,SCH002
Emily Allen,2015-05-04,2022,M,2,2022-09-13,SCH002
Alexander Webster,2012-11-11,2025,M,12,2025-08-20,SCH005
Manuel Martin,2014-07-26,2025,F,8,2025-08-21,SCH016
Michael Robles,2015-02-16,2025,F,9,2025-09-15,SCH011
Penny Mathis,2010-07-23,2025,F,9,2025-09-10,SCH011
Christine Barnett,2007-05-11,2023,M,12,2023-09-26,SCH006
Sarah Gibson,2006-09-14,2022,M,6,2022-09-09,SCH007
Lawrence Burnett,2011-02-06,2022,F,1,2022-08-17,SCH006
Brenda Cummings,2017-07-29,2024,M,9,2024-09-08,SCH014
Chris Gonzales,2016-10-21,2023,F,8,2023-09-08,SCH013
Donald Wheeler,2018-10-14,2025,F,6,2025-09-14,SCH007
William Watson,2010-03-19,2024,M,9,2024-09-26,SCH006
Taylor Zamora,2014-07-22,2023,M,1,2023-09-04,SCH020
John Ferguson,2016-01-29,2023,F,9,2023-08-23,SCH011
John Cobb,2017-06-14,2022,M,2,2022-09-06,SCH018
Paul Gonzalez,2010-10-26,2022,M,9,2022-08-31,SCH001
Caleb Mayer,2019-12-13,2023,M,5,2023-08-19,SCH019
Nancy Parker,2010-12-04,2025,M,1,2025-09-11,SCH012
Timothy Logan,2009-03-10,2024,M,8,2024-09-14,SCH015
Crystal Anderson,2008-05-27,2023,M,4,2023-09-28,SCH011
Benjamin Taylor,2007-08-30,2025,M,1,2025-09-23,SCH012
Brandon Smith,2015-07-30,2022,F,11,2022-09-11,SCH008
Courtney Wilson,2008-11-14,2024,M,7,2024-09-22,SCH014
Andrew Wilkinson,2009-05-07,2024,M,9,2024-09-04,SCH002
Donald Cooke,2018-05-28,2023,F,10,2023-09-04,SCH008
Wanda Ryan,2015-05-10,2023,M,10,2023-08-28,SCH018
CHRISTOPHER PALMER,2011-01-19,2022,F,5,2022-10-16,SCH010
James Cruz,2009-09-08,2025,F,12,2025-08-15,SCH005
Kimberly Reed,2010-02-21,2022,F,1,2022-09-26,SCH011
James Rodriguez,2016-05-04,2025,M,9,2025-08-23,SCH004
Juan Wright,2008-10-11,2022,F,8,2022-08-16,SCH014
Ann Larsen,2008-04-07,2023,M,1,2023-08-15,SCH016
Robert Russell,2012-06-08,2023,M,6,2023-09-11,SCH016
Brittney Simmons,2009-12-17,2023,M,10,2023-08-16,SCH006
kimberly rodriguez,2013-06-28,2022,M,3,2022-10-24,SCH005
Michael Wade,2008-07-11,2025,M,11,2025-09-25,SCH005
Daniel Osborn,2008-01-23,2025,M,9,2025-08-19,SCH006
Rachel Burnett,2019-01-16,2022,M,11,2022-08-25,SCH020
Dennis Johnson,2010-11-28,2023,F,9,2023-09-09,SCH002
Joshua Horton,2014-03-01,2024,F,7,2024-09-20,SCH018
Phillip Powell,2015-09-11,2023,M,5,2023-08-26,SCH003
William Perry,2011-09-01,2025,M,5,2025-08-28,SCH006
Amanda Miller,2014-09-30,2023,F,8,2023-09-24,SCH019
Travis Fletcher,2011-03-30,2022,M,7,2022-09-10,SCH003
Brendan Garcia,2020-03-02,2022,F,12,2022-08-20,SCH011
Amy Smith,2009-01-28,2025,M,5,2025-08-25,SCH012
Christie Flores,2012-02-18,2022,M,11,2022-09-07,SCH017
Michelle Perez,2018-03-09,2022,F,8,2022-09-11,SCH017
Vanessa Shaw,2010-12-10,2022,F,11,2022-09-04,SCH008
Edward Sutton,2008-01-16,2023,F,2,2023-09-27,SCH013
Lisa Young,2010-01-04,2024,F,11,2024-09-27,SCH009
Jacob Howard,2015-12-14,2025,M,5,2025-08-17,SCH008
Matthew Thompson,2012-08-25,2023,F,11,2023-08-22,SCH010
Melissa Mccarthy,2017-04-07,2022,M,1,2022-08-24,SCH002
Diana Hays,2016-09-24,2025,M,11,2025-09-06,SCH014
Sean Murray,2016-02-16,2022,F,4,2022-09-09,SCH009
Heather Chung,2019-11-18,2024,M,11,2024-09-08,SCH004
Kevin Gomez,2016-08-22,2023,F,7,2023-09-18,SCH017
Brittany Lara,2007-04-28,2022,F,2,2022-09-11,SCH018
Benjamin Watson,2014-11-25,2024,M,11,2024-09-28,SCH005
Lisa Webb,2009-05-01,2022,M,12,2022-09-08,SCH012
Nicole Berger,2014-07-20,2022,F,9,2022-09-10,SCH002
Sandra Smith,2007-11-05,2025,M,6,2025-08-17,SCH007
Brandon Orr,2020-04-28,2024,M,9,2024-09-20,SCH020
Brett Taylor,2007-07-07,2023,M,9,2023-08-24,SCH008
Casey Garza,2010-07-09,2023,M,12,2023-08-26,SCH011
William Smith,2008-05-24,2024,F,4,2024-09-30,SCH013
Julie Evans,2015-02-12,2022,M,5,2022-08-26,SCH011
Laura Walter,2008-03-12,2022,M,4,2022-09-05,SCH012
Eric Hanna,2011-05-02,2024,F,9,2024-09-04,SCH019
iGna Johnson,2014-09-26,2025,F,2,2025-09-19,SCH016
Ashley Hammond,2019-04-07,2023,F,6,2023-08-26,SCH016
Emily Castillo,2009-02-19,2022,F,3,2022-09-06,SCH020
Mary Walls,2008-03-09,2022,M,1,2022-09-27,SCH018
Michelle Jones,2007-02-10,2022,F,5,2022-08-29,SCH010
Derek Preston,2014-11-26,2024,M,11,2024-08-29,SCH014
Melinda Ford,2013-06-11,2023,F,4,2023-08-18,SCH018
Brian Watson,2019-12-12,2022,F,11,2022-09-29,SCH004
Kevin Edwards,2011-07-16,2025,M,4,2025-09-19,SCH015
Shelley Cobb,2015-07-10,2023,M,2,2023-09-15,SCH009
Kelly Charles,2008-11-22,2023,F,8,2023-09-15,SCH007
Julia Park,2020-02-12,2022,M,6,2022-09-24,SCH014
Martha Adams,2017-04-08,2023,F,3,2023-09-16,SCH014
Jeffrey Schmitt,2007-02-26,2025,M,1,2025-09-04,SCH016
Daniel King,2019-11-15,2025,M,5,2025-09-20,SCH002
Eric Fisher,2009-11-09,2025,M,3,2025-08-26,SCH009
Robert Wade,2014-01-27,2023,F,10,2023-08-29,SCH015
Tamara Sullivan,2015-07-08,2023,M,4,2023-08-19,SCH020
Heather Conner,2006-12-04,2024,F,8,2024-08-31,SCH020
Todd Jackson,2008-01-25,2024,M,12,2024-09-28,SCH014
Jesse Ramirez,2016-01-11,2024,M,6,2024-08-30,SCH010
Chelsea Santiago,2019-11-11,2023,M,7,2023-09-14,SCH015
Brent Scott,2007-10-28,2023,F,3,2023-09-15,SCH003
Tammy Curtis,2015-09-07,2022,F,4,2022-09-03,SCH017
Daniel Scott,2010-06-26,2024,F,12,2024-08-25,SCH014
Christina Ho,2016-01-31,2025,F,12,2025-09-15,SCH002
Kimberly Hood,2015-02-20,2022,F,4,2022-09-10,SCH017
Brittany Lowe,2011-12-05,2024,M,4,2024-09-20,SCH015
jacob benson,2017-01-04,2025,F,6,2025-08-24,SCH019
Tim Cherry,2007-09-12,2025,F,10,2025-09-16,SCH002
Anna Deleon,2018-01-04,2025,M,2,2025-09-01,SCH014
Patricia Cain,2017-02-20,2024,M,7,2024-09-14,SCH001
Bill Morales,2007-08-18,2025,M,2,2025-09-27,SCH014
Julie Wells,2010-12-18,2024,F,8,2024-09-22,SCH001
Laura Booth,2011-04-16,2025,M,11,2025-08-16,SCH003
Melinda Ford,2013-06-11,2023,F,4,2023-08-26,SCH018
Katherine Collins,2013-06-12,2025,M,10,2025-09-26,SCH002
Sarah Rodriguez,2017-04-04,2022,F,12,2022-08-28,SCH019
Shawn Morris,2018-12-25,2024,M,9,2024-08-19,SCH005
Mary Powell,2009-12-11,2025,M,8,2025-08-19,SCH002
Antonio Galloway,2018-07-02,2025,M,4,2025-08-20,SCH005
Gary Long,2019-07-15,2024,M,8,2024-08-17,SCH013
Chelsea Guerrero,2016-05-13,2024,F,11,2024-09-01,SCH019
Thomas Patrick,2007-09-09,2025,F,10,2025-08-18,SCH019
Michael Paul,2009-03-26,2023,M,6,2023-08-25,SCH013
Stacey Hernandez,2016-07-06,2023,F,11,2023-09-07,SCH012
Scott Cruz,2015-05-01,2023,F,9,2023-09-14,SCH007
Matthew Thompson,2012-08-25,2023,F,11,2023-08-22,SCH010
nicole mendoza,2016-10-02,2024,M,10,2024-09-29,SCH020
Jesse Hernandez,2018-12-13,2023,F,5,2023-09-24,SCH010
Karen Pennington,2017-02-02,2022,M,7,2022-09-25,SCH020
Jennifer Griffin,2009-08-21,2025,M,6,2025-09-11,SCH008
Patricia Stein,2015-11-08,2022,M,3,2022-09-01,SCH015
Wesley Curry,2009-07-17,2025,M,5,2025-08-18,SCH002
Nicholas Humphrey,2019-01-07,2023,M,5,2023-09-04,SCH016
Robert Russell,2012-06-08,2023,M,6,2023-09-11,SCH016
Danielle Jones,2011-12-11,2023,M,11,2023-08-15,SCH002
Rebekah Petersen,2014-04-26,2022,M,4,2022-09-19,SCH018
EMILY ALLEN,2015-05-04,2022,M,2,2022-09-13,SCH002
Briana Hancock,2007-04-17,2024,M,12,2024-08-16,SCH003
Andrew Cain,2012-06-08,2022,M,2,2022-09-24,SCH011
Melissa Murphy,2019-08-16,2022,F,1,2022-08-27,SCH005
Fernando Acevedo,2018-08-11,2023,M,2,2023-09-19,SCH009
Brooke Zavala,2011-07-25,2022,M,6,2022-09-17,SCH003
Steven Bradley,2006-11-26,2023,F,5,2023-09-24,SCH015
Michael Gomez,2019-07-01,2022,M,12,2022-09-22,SCH018
Theresa Johnson,2010-09-01,2024,F,4,2024-09-16,SCH007
Daniel Chan,2011-01-02,2024,F,2,2024-09-20,SCH014
Brian Decker,2008-11-08,2022,M,9,2022-09-06,SCH009
Jennifer Hess,2009-12-12,2025,M,2,2025-09-06,SCH008
Tina Mendoza,2017-06-18,2023,F,9,2023-09-12,SCH014
Brandy Rasmussen,2017-05-06,2023,M,7,2023-08-16,SCH004
Michelle Cunningham,2012-08-01,2022,M,6,2022-08-27,SCH015
Brandon Williams,2018-11-22,2024,M,11,2024-09-15,SCH015
Richard Good,2008-03-14,2022,F,4,2022-09-19,SCH020
Steven Palmer,2019-06-08,2024,M,3,2024-08-26,SCH010
Angela Rodriguez,2011-10-30,2025,M,5,2025-08-15,SCH013
Debra Webb,2008-02-17,2023,F,6,2023-08-29,SCH018
Whitney Mckay,2007-11-14,2022,F,3,2022-09-09,SCH018
John Davis,2019-07-22,2024,F,2,2024-09-03,SCH014
Jacob Gordon,2017-10-30,2022,M,1,2022-09-28,SCH015
Charles Kramer,2019-12-10,2025,F,2,2025-09-14,SCH018
Jessica Carter,2010-10-08,2024,F,7,2024-08-27,SCH017
Sean Murray,2016-02-16,2022,F,4,2022-09-09,SCH009
Peggy Hess,2015-05-14,2022,F,6,2022-08-19,SCH014
Xavier Miles,2015-07-19,2022,F,3,2022-09-22,SCH001
Hannah Walton,2007-04-16,2025,F,8,2025-09-29,SCH017
Evan Barnes,2010-09-02,2022,M,2,2022-09-28,SCH003
Carrie Pollard,2011-10-20,2023,F,3,2023-09-12,SCH008
Sheila Hull,2007-02-08,2024,M,2,2024-08-17,SCH003
Stephen Baker,2015-05-30,2025,M,5,2025-09-11,SCH015
Daniel Day,2016-05-02,2022,F,6,2022-09-26,SCH013
Larry Anderson,2007-10-27,2023,F,8,2023-08-17,SCH019
Maurice Walker,2011-05-24,2023,M,4,2023-09-21,SCH020
Angela Williams,2017-01-17,2023,F,6,2023-09-17,SCH001
Michael Mcgee,2011-09-02,2023,M,11,2023-09-03,SCH009
Kevin Morrison,2013-10-01,2023,F,10,2023-09-01,SCH014
George Osborn,2011-08-20,2023,M,11,2023-09-19,SCH010
Jenny Baird,2019-12-03,2025,M,6,2025-09-15,SCH004
Brenda Bailey,2018-12-21,2024,F,5,2024-08-31,SCH001
Kristie Powell,2017-01-28,2023,M,4,2023-08-27,SCH001
Nathan Alexander,2011-05-13,2024,M,10,2024-08-23,SCH011
Annette Freeman,2015-07-21,2023,F,4,2023-08-21,SCH004
John Klein,2020-03-01,2024,F,12,2024-09-05,SCH020
Whitney Peterson,2015-01-24,2022,F,8,2022-08-15,SCH019
Theresa Lewis,2012-06-02,2023,M,11,2023-09-07,SCH017
Christian Travis,2011-10-21,2022,M,9,2022-08-18,SCH010
Dustin Williams,2012-06-27,2023,F,7,2023-09-06,SCH001
Patricia Rivera,2010-01-20,2024,M,1,2024-08-27,SCH003
Elizabeth Lopez,2010-12-03,2024,M,8,2024-09-01,SCH018
Kenneth White,2017-04-19,2023,M,9,2023-08-29,SCH016
Stephanie Washington,2011-12-24,2025,M,11,2025-09-02,SCH007
Laura Hale,2012-07-13,2022,M,1,2022-09-27,SCH015
Matthew Nelson,2012-08-21,2024,M,9,2024-09-12,SCH020
Ashley Evans,2012-05-14,2025,F,10,2025-09-05,SCH012
Pamela Miller,2013-04-11,2025,M,7,2025-09-11,SCH014
Kari Williams,2013-08-01,2024,M,1,2024-08-16,SCH018
Jason Douglas,2008-04-14,2022,F,12,2022-09-20,SCH006
Brittney Simmons,2009-12-17,2023,M,10,2023-08-16,SCH006
Martha Wilson,2011-06-23,2022,F,7,2022-09-29,SCH013
Mark Price,2008-08-01,2022,F,8,2022-09-18,SCH020
Connie Hernandez,2011-07-02,2024,M,11,2024-09-14,SCH019
Joanne Stone,2018-12-09,2023,M,7,2023-09-06,SCH008
Sheryl Mathis,2013-10-22,2025,F,5,2025-08-24,SCH001
Dustin Mahoney,2014-05-20,2022,M,6,2022-09-01,SCH013
Matthew Cunningham,2019-12-04,2022,F,2,2022-08-29,SCH008
David Wood,2016-05-16,2024,M,12,2024-09-23,SCH008
Charles Ruiz,2020-03-16,2025,F,6,2025-08-27,SCH001
Sarah Evans,2016-02-20,2023,F,3,2023-09-16,SCH002
Mario Murray,2017-06-06,2023,M,12,2023-09-23,SCH011
Kevin Mathews,2014-02-28,2023,F,8,2023-09-02,SCH002
James Bush,2013-06-17,2022,M,12,2022-09-28,SCH012
Sara Robertson,2017-01-27,2025,F,1,2025-09-14,SCH003
Amanda Adams,2007-08-03,2024,M,1,2024-09-24,SCH012
Charles Lara,2008-05-05,2025,M,12,2025-09-27,SCH009
Julie King,2018-11-20,2025,F,12,2025-09-03,SCH012
Brandon Brown,2008-10-17,2023,F,9,2023-09-17,SCH015
Stacey Paul,2010-05-18,2022,M,10,2022-08-16,SCH006
Patrick Henson,2009-01-31,2023,F,12,2023-08-17,SCH009
Janet Mcdowell,2013-04-15,2022,F,8,2022-09-03,SCH004
Fernando Sullivan,2010-12-30,2025,M,10,2025-09-06,SCH014
Anthony Bender,2014-01-09,2024,M,4,2024-09-24,SCH015
Marilyn Mitchell,2010-12-20,2022,M,3,2022-08-24,SCH009
Krista Collins,2019-02-06,2022,F,11,2022-08-17,SCH008
Teresa Griffin,2008-06-04,2023,M,7,2023-09-09,SCH003
Lisa Boyd,2007-10-21,2022,F,7,2022-08-18,SCH019
Glen Flores,2013-08-05,2025,M,5,2025-09-19,SCH008
Summer Johnston,2015-04-09,2024,F,11,2024-08-31,SCH016
Crystal Graham,2010-05-06,2024,F,10,2024-08-19,SCH020
Franklin Ray,2010-08-10,2025,F,1,2025-09-18,SCH020
Franklin Ray,2010-08-10,2025,F,1,2025-09-02,SCH020
Bobby Nichols,2018-01-29,2023,F,4,2023-08-21,SCH016
Melissa Mcdonald,2015-04-12,2022,M,9,2022-09-11,SCH004
Ashley Gordon,2009-05-31,2023,F,1,2023-09-18,SCH011
Manuel Larsen,2012-03-12,2023,M,5,2023-08-26,SCH011
Darren Page,2012-11-01,2025,M,4,2025-08-24,SCH011
Rachel Smith,2019-04-24,2025,M,8,2025-09-27,SCH018
Kevin Allen,2017-05-11,2024,M,10,2024-09-19,SCH012
Kimberly Rodriguez,2013-06-28,2022,M,3,2022-09-26,SCH005
William Phillips,2016-03-08,2022,F,7,2022-09-08,SCH005
Alexandra Vincent,2012-09-24,2023,F,1,2023-08-18,SCH004
Carlos Leach,2020-03-28,2024,F,4,2024-09-23,SCH013
Jill Nixon,2016-04-26,2023,M,10,2023-09-02,SCH007
Jeremy Hill,2016-04-15,2024,M,6,2024-08-19,SCH016
Matthew Hernandez,2007-07-11,2025,F,9,2025-08-31,SCH014
Donna Jordan,2011-02-02,2024,M,3,2024-09-05,SCH016
Christian Herrera,2008-09-22,2025,F,4,2025-09-24,SCH003
Erica Kelley,2007-10-23,2024,F,8,2024-09-29,SCH002
Haley Morales,2012-10-03,2024,M,1,2024-09-27,SCH003
Paul Malone,2015-08-29,2023,F,1,2023-09-25,SCH007
Kelsey Oliver,2013-01-20,2024,F,8,2024-09-18,SCH003
Paul Larsen,2008-01-12,2023,F,3,2023-09-15,SCH001
Jennifer Paul,2019-10-20,2022,F,4,2022-08-19,SCH017
Brenda Brown,2011-08-17,2025,F,6,2025-08-16,SCH020
SAMUEL MORALES,2019-01-11,2025,F,4,2025-08-19,SCH002
Linda Neal,2017-04-16,2022,M,4,2022-08-17,SCH005
Kathryn Rowe,2012-02-25,2024,F,10,2024-08-31,SCH001
Anderw Flores,2009-12-12,2022,M,6,2022-10-08,SCH017
Betty Smith,2016-05-15,2023,M,10,2023-09-20,SCH001
Maria Sheppard,2015-06-25,2025,M,1,2025-08-30,SCH011
Timothy Graves,2017-04-12,2024,F,4,2024-09-28,SCH013
Michael Melton,2014-08-31,2023,F,8,2023-08-18,SCH018
David Jenkins,2015-10-18,2022,M,5,2022-08-28,SCH005
Leslie Kelly,2020-03-27,2022,F,8,2022-08-28,SCH017
Nicole Hines,2007-07-22,2023,F,2,2023-08-28,SCH015
Troy Dean,2015-04-30,2023,F,9,2023-09-02,SCH004
Timothy Humphrey,2016-11-20,2025,M,4,2025-08-31,SCH017
Judy Leonard,2007-11-05,2025,F,9,2025-09-28,SCH007
Seth Kent,2018-09-30,2022,M,12,2022-09-15,SCH013
Anna Boone,2015-07-09,2022,M,10,2022-09-01,SCH017
Robert Munoz,2018-11-13,2022,F,5,2022-08-30,SCH018
Brandon Russell,2019-04-21,2023,M,12,2023-09-15,SCH003
Eric Williams,2018-10-09,2022,F,5,2022-09-08,SCH011
Tara Brown,2011-11-14,2024,M,1,2024-09-26,SCH003
Robert Harris,2008-11-06,2025,F,1,2025-08-23,SCH011
Rachel Stephens,2009-01-19,2024,M,1,2024-09-09,SCH017
David Nunez,2012-03-09,2024,M,11,2024-09-22,SCH014
Olivia Meyer,2007-10-09,2025,M,8,2025-09-28,SCH016
Spencer Austin,2014-02-17,2024,F,9,2024-08-18,SCH019
Laura Martin,2009-04-28,2025,M,7,2025-09-21,SCH009
Melissa Sanchez,2018-07-28,2023,F,12,2023-09-25,SCH016
Erika Ross,2018-10-05,2025,F,5,2025-08-26,SCH001
Laura Smith,2007-09-11,2024,F,10,2024-09-23,SCH010
Debra Garcia,2015-03-06,2025,F,9,2025-08-30,SCH013
Joseph Matthews,2015-02-05,2024,F,11,2024-09-07,SCH009
Jane Brown,2015-07-14,2023,M,7,2023-09-09,SCH005
Timothy Melendez,2009-04-02,2025,F,7,2025-09-02,SCH014
Eric Casey,2018-05-16,2022,F,1,2022-08-23,SCH019
Michelle Woods,2019-05-09,2023,F,11,2023-09-23,SCH007
Stehpen Morrison,2012-07-15,2023,F,8,2023-08-21,SCH010
Bruce Smith,2018-12-14,2025,M,1,2025-09-25,SCH009
Robert Bradshaw,2013-11-03,2024,M,11,2024-08-28,SCH019
Anthony Robertson,2006-08-02,2024,M,3,2024-08-26,SCH018
Meghan Campos,2014-03-06,2022,M,12,2022-08-28,SCH014
Stephen Todd,2008-02-22,2024,M,12,2024-08-18,SCH002
Jason Contreras,2018-11-14,2022,F,11,2022-09-24,SCH005
Jerry Brown,2018-06-04,2023,F,6,2023-09-28,SCH011
Tammy Fuller,2019-08-30,2023,M,4,2023-08-20,SCH013
Taylor Williams,2007-06-07,2022,M,9,2022-08-28,SCH006
Thomas Yu,2010-10-18,2024,M,12,2024-08-22,SCH011
Jessica Davidson,2018-02-27,2023,F,3,2023-09-28,SCH004
Edward Shields,2019-10-08,2022,F,11,2022-09-21,SCH016
Melissa Butler,2013-10-30,2022,M,11,2022-08-26,SCH020
Joseph Zuniga,2008-02-06,2023,F,5,2023-09-10,SCH018
amy thomas,2014-10-24,2025,M,10,2025-08-20,SCH020
Stephanie Walker,2008-01-26,2022,F,2,2022-09-29,SCH002
Whitney Peterson,2015-01-24,2022,F,8,2022-08-15,SCH019
Kurt Mckay,2011-09-16,2022,F,9,2022-08-23,SCH015
Daniel Day,2016-05-02,2022,F,6,2022-09-26,SCH013
Barbara Duncan,2013-11-27,2025,F,4,2025-08-18,SCH016
Jennifer Harris,2015-05-27,2024,M,9,2024-08-30,SCH015
William Burke,2009-05-15,2025,F,10,2025-10-08,SCH003
Charles Miller,2012-07-02,2022,M,2,2022-09-14,SCH013
Richard James,2015-02-22,2025,F,11,2025-09-02,SCH020
David Gregory,2008-05-29,2024,M,1,2024-10-21,SCH002
christine white,2017-10-21,2025,F,11,2025-09-27,SCH008
Melissa Fischer,2014-10-11,2023,F,9,2023-09-17,SCH013
Jennifer Branch,2009-01-20,2022,M,8,2022-09-19,SCH005
Anne Hicks,2017-05-29,2024,F,5,2024-09-03,SCH002
Patricia Horne,2010-12-21,2024,F,4,2024-08-20,SCH004
Craig Walker,2010-06-08,2022,F,11,2022-09-14,SCH005
Jennifer Dawson,2010-04-20,2024,F,5,2024-09-26,SCH002
Cory Morrison,2019-10-04,2022,M,7,2022-08-26,SCH008
Dawn Cunningham,2009-10-25,2025,F,2,2025-08-15,SCH016
Kimberly Wang,2014-09-13,2023,F,9,2023-09-20,SCH008
Paul Valenzuela,2019-11-11,2024,F,9,2024-09-26,SCH019
Ashley Allen,2011-07-24,2024,F,10,2024-09-11,SCH003
Nathan Rios,2012-09-09,2024,M,10,2024-09-22,SCH020
Joseph Lopez,2016-10-04,2023,F,3,2023-09-18,SCH012
DAVID BAKER,2012-04-29,2022,M,9,2022-08-20,SCH002
David Trevino,2011-09-16,2025,F,11,2025-08-17,SCH001
Robert Davis,2010-09-14,2022,M,2,2022-09-01,SCH006
Brian Bennett,2009-03-21,2025,M,1,2025-09-10,SCH006
Brooke Maddox,2017-02-22,2022,F,8,2022-08-30,SCH012
Rick Lopez,2012-01-04,2023,F,10,2023-09-20,SCH002
Drew Taylor,2017-09-12,2024,M,2,2024-09-26,SCH016
Jonathan Chan,2009-07-01,2022,F,11,2022-09-09,SCH009
Karen Francis,2010-06-06,2024,F,1,2024-09-25,SCH001
Denise Frazier,2018-08-11,2023,F,6,2023-09-08,SCH008
Jacob Edwards,2006-11-18,2023,M,9,2023-09-12,SCH009
Stephen Morrison,2012-07-15,2023,F,8,2023-08-21,SCH010
Gina Grant,2015-05-30,2022,M,2,2022-09-09,SCH020
Thomas Travis,2010-12-10,2022,M,5,2022-09-16,SCH002
Savannah Miller,2016-02-20,2023,F,11,2023-08-23,SCH001
Carol Gallagher,2012-01-07,2022,M,6,2022-09-08,SCH018
Larry Hester,2016-10-11,2024,M,10,2024-09-01,SCH005
Stephanie Crosby,2011-04-27,2025,M,1,2025-08-31,SCH005
Daniel Scott,2010-06-26,2024,F,12,2024-08-30,SCH014
Sandra Rodgers,2019-07-31,2025,F,7,2025-09-15,SCH014
Janet Shaffer,2012-05-15,2023,M,5,2023-09-19,SCH020
Janet Phillips,2010-08-09,2024,M,7,2024-09-14,SCH006
Kevin Kane,2009-06-02,2024,F,1,2024-08-21,SCH017
Crystal Osborne,2011-11-07,2024,M,4,2024-09-06,SCH019
Andre Warren,2018-01-19,2022,M,2,2022-09-10,SCH002
Austin Anderson,2019-06-13,2023,M,10,2023-09-05,SCH006
Douglas Tran,2009-07-15,2023,F,5,2023-08-29,SCH015
Gina Grant,2015-05-30,2022,M,2,2022-09-09,SCH020
Chad Elliott,2008-03-13,2023,F,2,2023-09-14,SCH013
Matthew Nolan,2009-05-15,2023,F,11,2023-09-01,SCH010
Billy Hodges,2017-06-09,2023,M,8,2023-09-13,SCH005
Henry Gross,2015-03-14,2023,M,1,2023-10-03,SCH008
Michael Williams,2008-12-25,2022,F,9,2022-08-22,SCH010
Ronald Brewer,2010-09-21,2023,M,3,2023-09-09,SCH019
Kristen Ryan,2015-09-06,2023,F,2,2023-09-11,SCH005
Reginald Stark,2007-11-23,2024,M,9,2024-09-26,SCH013
Stacey Paul,2010-05-18,2022,M,10,2022-09-04,SCH006
Lisa Webb,2009-05-01,2022,M,12,2022-09-08,SCH012
Christian Evans,2014-06-22,2022,M,12,2022-09-04,SCH018
Anthony Anderson,2017-01-04,2022,M,11,2022-09-18,SCH018
Adrian Oliver,2007-03-01,2022,M,12,2022-08-20,SCH005
Matthew Williamson,2015-06-07,2022,M,11,2022-08-18,SCH011
Juan Miller,2013-12-04,2022,F,3,2022-09-07,SCH016
Michael Matthews,2018-10-24,2023,F,11,2023-08-30,SCH013
Jonathon Moore,2013-07-29,2023,M,6,2023-09-13,SCH011
Amy Lopez,2008-03-28,2025,F,10,2025-09-23,SCH007
Joseph Gibson,2009-06-10,2022,F,6,2022-09-28,SCH007
COLIN ELLIOTT,2011-09-11,2022,M,6,2022-10-12,SCH004
Daniel Patterson,2012-08-10,2023,F,9,2023-09-24,SCH008
David Johnson,2016-03-27,2022,F,9,2022-09-24,SCH001
Timothy Acevedo,2013-10-18,2024,M,6,2024-08-31,SCH017
Derek Preston,2014-11-26,2024,M,11,2024-09-24,SCH014
Erik Scott,2010-12-22,2022,M,4,2022-09-29,SCH001
Heather Morgan,2017-08-03,2023,M,3,2023-08-24,SCH018
Sheena Sullivan,2017-02-13,2024,M,11,2024-09-04,SCH002
Tonya Webb,2015-05-17,2022,M,4,2022-09-26,SCH013
Susan Gill,2016-08-20,2025,M,8,2025-08-25,SCH016
Claire Miller,2009-02-14,2024,M,7,2024-08-26,SCH007
Jessica Sanders,2016-11-14,2022,M,5,2022-09-03,SCH019
Angela Benson,2010-05-23,2022,F,5,2022-09-14,SCH008
Robert Hutchinson,2019-02-09,2022,M,12,2022-09-05,SCH007
Ricky Griffin,2017-03-21,2024,F,5,2024-09-22,SCH004
Dalton Johns,2010-07-26,2022,M,11,2022-09-20,SCH008
William Burke,2009-05-15,2025,F,10,2025-09-28,SCH003
WILLIAM RAMIREZ,2014-05-28,2024,F,9,2024-09-08,SCH016
Ryan Dominguez,2010-09-25,2023,M,7,2023-08-22,SCH008
Zachary Quinn,2018-04-15,2023,M,5,2023-09-07,SCH011
Linda Ross,2010-06-10,2024,M,3,2024-09-14,SCH019
Jessica Sanders,2012-08-13,2022,M,9,2022-08-27,SCH010
Ryan Meza,2017-03-07,2022,M,3,2022-09-17,SCH001
Gabriela Spears,2013-08-09,2023,F,8,2023-09-10,SCH014
Angela Rodriguez,2011-10-30,2025,M,5,2025-08-23,SCH013
Andrew Flores,2009-12-12,2022,M,6,2022-09-29,SCH017
Mark Ward,2006-09-04,2024,F,5,2024-09-11,SCH004
Stephen Collins,2009-03-13,2022,M,11,2022-08-30,SCH014
John Potter,2020-05-05,2022,M,11,2022-08-31,SCH019
Ryan Mcfarland,2006-09-19,2022,F,9,2022-09-21,SCH009
Victoria Calderon,2013-02-10,2022,F,9,2022-09-01,SCH011
Brandy Johnson,2008-02-19,2024,F,11,2024-09-27,SCH010
Ronald Matthews,2007-12-02,2023,M,6,2023-09-16,SCH020
Jessica Shepherd,2010-02-28,2025,F,10,2025-08-27,SCH020
laura harris,2018-09-04,2025,M,12,2025-09-18,SCH013
Matthew Zuniga,2016-04-12,2024,F,4,2024-09-05,SCH009
Michael Chang,2012-10-21,2022,M,9,2022-09-23,SCH018
Paul Castro,2014-07-14,2024,M,6,2024-09-10,SCH009
Amanda Chapman,2013-04-16,2025,F,10,2025-09-08,SCH016
Craig Walker,2010-06-08,2022,F,11,2022-09-18,SCH005
Ryan Castaneda,2015-07-11,2023,F,4,2023-09-05,SCH015
Matthew Schneider,2008-01-08,2025,M,8,2025-09-24,SCH009
Diana Stokes,2011-01-21,2023,F,7,2023-09-12,SCH002
Amanda Adams,2007-08-03,2024,M,1,2024-09-24,SCH012
Renee Raymond,2009-09-16,2025,F,4,2025-09-16,SCH012
Micheal Mcgee,2011-09-02,2023,M,11,2023-09-03,SCH009
Tonya Webb,2015-05-17,2022,M,4,2022-09-26,SCH013
Stephen Washington,2013-03-01,2022,F,9,2022-09-14,SCH019
Donna Ray,2007-12-08,2023,M,6,2023-09-02,SCH001
Alexander Perez,2016-02-20,2023,M,11,2023-08-21,SCH004
Melissa Zimmerman,2014-12-25,2022,M,6,2022-09-09,SCH001
Jacob Smith,2020-02-08,2022,F,5,2022-09-21,SCH005
Richard Solomon,2018-11-15,2022,M,4,2022-09-02,SCH011
Shannon Taylor,2010-09-16,2022,F,5,2022-08-29,SCH010
Kimberly Cervantes,2017-03-13,2024,F,10,2024-09-19,SCH012
Stephen Collier,2016-08-10,2025,F,6,2025-09-06,SCH005
Jose Rich,2018-11-27,2023,F,1,2023-08-30,SCH005
Gregory Johnson,2020-05-21,2023,M,7,2023-09-17,SCH006
Gwendolyn Palmer,2013-07-26,2025,F,12,2025-09-14,SCH003
Eric Lyons,2011-09-27,2024,M,8,2024-09-16,SCH017
Walter Thomas,2011-12-14,2025,M,1,2025-09-21,SCH018
Thomas Shaffer,2015-03-23,2022,F,10,2022-08-25,SCH016
iMchelle Thomas,2009-12-16,2022,M,8,2022-09-11,SCH016
Christina Lopez,2014-07-13,2024,F,4,2024-09-25,SCH013
Christopher Burke,2015-03-15,2023,M,12,2023-08-18,SCH006
Jonathan Williams,2013-09-19,2025,F,12,2025-09-04,SCH006
Courtney Watson,2015-03-21,2024,M,9,2024-08-17,SCH004
Colton Garcia,2017-10-18,2024,F,1,2024-09-18,SCH011
Mark Price,2008-08-01,2022,F,8,2022-09-18,SCH020
Stephen Hardy,2015-11-10,2024,F,1,2024-09-02,SCH001
Sheila Hull,2007-02-08,2024,M,2,2024-08-17,SCH003
Denise Lopez,2008-05-09,2022,F,11,2022-09-18,SCH009
Matthew Terry,2009-08-30,2022,F,11,2022-09-06,SCH006
Jennifer Snow,2015-12-25,2024,M,7,2024-08-21,SCH007
David Baker,2012-04-29,2022,M,9,2022-08-20,SCH002
James Hart,2017-11-20,2023,F,7,2023-08-25,SCH012
Linda Murillo,2012-02-12,2024,M,7,2024-09-23,SCH016
Frances Mccormick,2006-10-08,2025,F,12,2025-10-08,SCH007
Timothy Humphrey,2016-11-20,2025,M,4,2025-08-26,SCH017
Angel Franklin,2008-07-27,2022,M,12,2022-09-09,SCH007
Raymond Daniels,2016-09-14,2025,F,6,2025-09-05,SCH016
Jeffery Cox,2006-12-09,2023,M,6,2023-08-31,SCH005
Dennis Erickson,2010-05-27,2022,M,9,2022-09-28,SCH003
Lisa White,2006-07-23,2022,M,8,2022-09-14,SCH010
Daniel Jones,2014-09-29,2023,F,1,2023-09-03,SCH003
Jesse Reyes,2013-06-13,2025,F,4,2025-08-17,SCH005
Treri Bennett,2011-06-13,2023,M,3,2023-08-31,SCH006
Stephanie Johnson,2016-04-10,2024,F,3,2024-09-25,SCH008
Abigail Powell,2017-04-01,2023,F,12,2023-09-01,SCH020
Barbara Potter,2019-12-08,2024,M,9,2024-08-22,SCH015
Andrew Foster,2015-07-26,2023,M,3,2023-09-12,SCH019
Melissa Griffith,2006-08-18,2024,M,7,2024-09-07,SCH001
Margaret Lutz,2013-10-01,2024,F,4,2024-09-06,SCH018
Dawn Sanchez,2008-10-04,2023,M,9,2023-08-27,SCH008
Deobrah Soto,2012-08-20,2022,F,10,2022-09-06,SCH013
Courtney Wilson,2008-11-14,2024,M,7,2024-09-22,SCH014
Valerie Clark,2012-08-26,2025,F,11,2025-08-26,SCH009
William Johnson,2019-08-06,2025,F,12,2025-09-16,SCH014
Christopher Lindsey,2018-05-03,2025,M,11,2025-09-17,SCH011
William English,2007-06-16,2023,F,5,2023-09-07,SCH016
Barbara Jackson,2019-05-24,2024,M,5,2024-08-28,SCH005
Rebecca Griffin,2010-07-23,2025,M,3,2025-09-27,SCH016
Charles Jackson,2006-08-15,2024,F,4,2024-08-24,SCH014
Alexander Wells,2020-01-05,2024,F,9,2024-09-11,SCH016
Robin Simmons,2006-10-29,2023,F,6,2023-08-30,SCH018
Diana Hays,2016-09-24,2025,M,11,2025-09-22,SCH014
Todd Maddox,2015-10-22,2024,F,11,2024-09-18,SCH018
Julie King,2018-11-20,2025,F,12,2025-08-21,SCH012
Nicole Lopez,2006-10-15,2024,M,12,2024-08-19,SCH004
Zachary Morales,2018-04-23,2025,M,5,2025-09-15,SCH015
JAMIE HARRIS,2015-12-23,2024,F,7,2024-09-29,SCH014
Patrick Castillo,2015-02-12,2023,M,6,2023-08-23,SCH017
Joshua Farley,2015-12-03,2022,M,6,2022-09-04,SCH019
Shawn Ward,2016-05-17,2024,M,9,2024-09-22,SCH014
Mary Franklin,2013-01-25,2023,F,3,2023-08-16,SCH017
Andrew Watson,2010-03-15,2022,F,11,2022-08-30,SCH010
John Conway,2008-02-16,2023,M,8,2023-09-04,SCH002
Matthew Wolfe,2009-07-23,2024,F,6,2024-09-12,SCH002
Michael Maxwell,2012-08-29,2023,M,4,2023-09-02,SCH012
Jenny Baird,2019-12-03,2025,M,6,2025-09-09,SCH004
Isabel Anderson,2014-10-11,2025,M,1,2025-09-09,SCH009
David Carpenter,2012-04-07,2023,M,10,2023-08-21,SCH016
Eric Morales,2017-06-29,2023,M,4,2023-09-12,SCH014
Melissa Vazquez,2016-02-02,2024,F,3,2024-09-20,SCH007
Shelly Sampson,2006-08-02,2022,M,6,2022-08-31,SCH004
Mary Martin,2015-11-05,2024,M,7,2024-09-21,SCH019
April Garcia,2011-04-15,2023,F,11,2023-08-25,SCH014
Maria Aguilar,2013-12-02,2025,F,12,2025-09-26,SCH019
Amanda Johnston,2020-05-13,2025,F,8,2025-09-27,SCH016
Kim Guerrero,2014-05-23,2022,F,6,2022-10-03,SCH009
Laura Roy,2014-01-25,2024,F,10,2024-08-21,SCH005
Kelly Brown,2012-10-02,2022,F,5,2022-09-14,SCH020
Christopher Martinez,2016-04-14,2023,M,5,2023-09-06,SCH012
Kayla Rodgers,2018-07-12,2022,F,2,2022-09-15,SCH018
Christopher Church,2020-01-01,2024,F,3,2024-09-12,SCH005
Connie Williams,2009-07-07,2025,F,6,2025-08-16,SCH019
Amanda Stuart,2019-04-06,2024,F,7,2024-09-22,SCH012
CHARLES MARTIN,2015-09-28,2024,M,4,2024-09-18,SCH010
Thomas Gonzalez,2017-06-15,2022,M,10,2022-09-13,SCH001
Melissa Martinez,2008-06-13,2023,F,11,2023-09-28,SCH009
Daniel Morris,2006-07-28,2022,F,4,2022-09-14,SCH019
Manule Larsen,2012-03-12,2023,M,5,2023-08-26,SCH011
Allison Johnson,2016-10-17,2024,F,5,2024-08-25,SCH013
Kimberly Lane,2014-05-28,2025,M,9,2025-09-19,SCH014
Deborah Soto,2012-08-20,2022,F,10,2022-09-06,SCH013
Richard Pearson,2016-04-08,2023,F,12,2023-09-18,SCH014
karen francis,2010-06-06,2024,F,1,2024-09-27,SCH001
Juan May,2018-08-27,2022,M,10,2022-08-29,SCH009
Sarah Greer,2015-05-02,2025,M,8,2025-09-08,SCH016
Jonathan Macdonald,2017-11-30,2023,M,5,2023-09-14,SCH002
Maurice Jackson,2020-06-15,2025,F,8,2025-09-12,SCH013
Angela Fitzgerald,2020-03-23,2024,M,7,2024-08-24,SCH012
Danielle Kim,2017-04-03,2024,M,4,2024-09-25,SCH001
Steven Tate,2016-01-18,2023,F,2,2023-08-24,SCH008
Stephen Brown,2006-09-12,2024,M,2,2024-09-06,SCH007
Scott Logan,2008-12-15,2025,F,12,2025-08-17,SCH002
Bridget Wilkinson,2006-09-26,2025,F,9,2025-08-16,SCH017
George Clark,2015-01-03,2025,F,6,2025-09-04,SCH014
Kyle Green,2014-11-20,2022,F,11,2022-09-08,SCH001
Daniel Miller,2011-05-21,2024,F,11,2024-09-29,SCH014
Nicole Galloway,2015-12-10,2023,F,5,2023-09-03,SCH003
Bradley Bell,2008-01-17,2023,F,11,2023-09-20,SCH008
Richard Petersen,2010-05-15,2023,M,6,2023-09-22,SCH016
Tammy Fuller,2019-08-30,2023,M,4,2023-08-20,SCH013
Adam Valdez,2017-09-23,2022,M,7,2022-09-13,SCH017
Richard Haynes,2015-07-10,2025,F,10,2025-08-19,SCH003
Jason Thomas,2015-11-18,2023,F,1,2023-09-11,SCH017
John Wall,2006-09-04,2023,M,6,2023-09-24,SCH005
Michael Guzman,2019-01-02,2022,F,11,2022-08-27,SCH004
Mark Santana,2020-02-17,2024,M,3,2024-09-22,SCH010
Edward Sutton,2008-01-16,2023,F,2,2023-09-27,SCH013
Kenneth Quinn,2015-08-02,2024,F,9,2024-09-20,SCH005
Michelle Cooley,2020-04-21,2025,M,4,2025-08-30,SCH015
Crystal Arellano,2009-02-17,2024,F,11,2024-08-26,SCH011
Samuel Gutierrez,2012-08-30,2025,M,9,2025-08-20,SCH014
Joe Warren,2016-08-04,2023,F,2,2023-09-01,SCH010
Marco Green,2018-12-29,2022,M,8,2022-08-24,SCH009
Kathy Quinn,2011-12-26,2025,F,8,2025-09-14,SCH011
Brian Williams,2019-04-26,2023,M,9,2023-09-08,SCH007
John Bailey,2018-06-24,2024,F,11,2024-08-18,SCH016
Rachel Kirby,2016-01-31,2025,F,4,2025-08-23,SCH007
Tiffany Howard,2008-04-10,2024,M,4,2024-09-10,SCH018
Francisco Le,2007-10-29,2025,M,3,2025-09-11,SCH016
Kimberly Campbell,2014-06-06,2022,M,11,2022-09-27,SCH013
Tracy Williams,2007-08-10,2022,F,4,2022-09-02,SCH019
Cindy Hill,2015-11-07,2023,M,12,2023-09-01,SCH008
Rachel Bailey,2007-12-30,2022,M,6,2022-09-28,SCH003
Courtney Livingston,2007-08-05,2023,F,6,2023-08-28,SCH013
Tracy Williams,2007-08-10,2022,F,4,2022-09-02,SCH019
John Leon,2016-03-04,2024,F,8,2024-08-22,SCH007
Christopher Miller,2009-03-26,2025,F,10,2025-09-07,SCH003
Laura Barber,2012-10-15,2022,M,1,2022-09-24,SCH020
Jeffrey Francis,2019-07-09,2025,F,8,2025-09-18,SCH010
Jennifer Hess,2009-12-12,2025,M,2,2025-09-06,SCH008
Michael Graves,2011-07-18,2023,M,4,2023-08-31,SCH012
Tiffany Brown,2013-11-13,2022,F,7,2022-09-12,SCH010
Michael Brown,2018-11-17,2025,M,3,2025-08-15,SCH004
Tanya Thompson,2013-05-23,2023,M,12,2023-09-19,SCH011
Cory Murray,2008-03-19,2025,M,3,2025-08-24,SCH016
Craig Figueroa,2007-08-03,2025,F,9,2025-08-16,SCH014
Jessica Sanders,2012-08-13,2022,M,9,2022-08-29,SCH010
Todd Howard,2013-02-18,2025,F,11,2025-08-18,SCH011
Natasha Evans,2010-07-28,2023,M,1,2023-09-10,SCH012
Ashley Hammond,2019-04-07,2023,F,6,2023-08-16,SCH016
Dennis Jennings,2015-12-15,2025,M,9,2025-08-27,SCH008
Amy Copeland,2011-11-19,2023,F,1,2023-09-09,SCH020
Phillip Sims,2012-02-21,2025,M,8,2025-08-21,SCH015
Rhonda Lopez,2009-08-14,2023,F,7,2023-09-04,SCH008
Jason Ingram,2017-07-25,2024,F,8,2024-09-20,SCH016
Brian Campos,2017-12-30,2024,F,6,2024-08-15,SCH020
Brent Ford,2017-11-15,2022,M,8,2022-09-14,SCH015
James Hall,2020-03-13,2025,F,9,2025-09-06,SCH005
Brandon Stanley,2008-04-20,2024,M,9,2024-08-25,SCH013
Scott Chen,2019-04-25,2024,F,5,2024-09-29,SCH005
Amber Rodriguez,2013-12-14,2022,F,3,2022-09-05,SCH012
Cynthia Simmons,2012-09-11,2022,M,10,2022-09-24,SCH017
Kayla Smith,2012-02-13,2022,F,3,2022-09-04,SCH004
Priscilla Williams,2010-01-23,2023,M,10,2023-08-26,SCH001
Jonathan Alexander,2011-02-14,2025,F,12,2025-09-27,SCH005
Stephanie Smith,2006-07-12,2025,M,1,2025-09-03,SCH006
Wendy Harrington,2009-01-16,2024,F,12,2024-08-25,SCH014
David Rodriguez,2019-05-10,2024,F,12,2024-08-19,SCH001
Ryan Hoffman,2015-12-31,2025,F,1,2025-09-11,SCH006
Brenda Harrison,2019-05-02,2025,F,3,2025-08-23,SCH007
Kimberly Wang,2014-09-13,2023,F,9,2023-09-20,SCH008
Vanessa Velasquez,2012-08-31,2022,M,3,2022-08-24,SCH007
Vanessa Murphy,2018-01-25,2025,M,12,2025-09-07,SCH018
Nicole Harrison,2016-10-22,2025,M,5,2025-09-15,SCH010
Timothy Walker,2009-06-11,2022,M,12,2022-09-18,SCH020
rGegory Bond,2009-12-12,2022,M,1,2022-09-28,SCH001
Renee Raymond,2009-09-16,2025,F,4,2025-10-05,SCH012
Glen Flores,2013-08-05,2025,M,5,2025-09-19,SCH008
Miranda Smith,2017-01-16,2025,M,12,2025-09-17,SCH001
Kenneth Romero,2019-07-24,2024,F,9,2024-09-23,SCH016
Natalie Howard,2019-04-22,2022,M,8,2022-09-13,SCH007
Cheryl Dunn,2014-06-24,2022,M,5,2022-09-24,SCH014
Jacob Avila,2015-02-16,2024,F,8,2024-08-26,SCH014
Jennifer Walker,2007-04-23,2024,F,5,2024-08-26,SCH013
Dana Brown,2018-05-31,2025,M,7,2025-09-03,SCH014
Emily Patton,2008-09-17,2023,F,10,2023-09-10,SCH006
Ricky Bean,2019-09-24,2023,M,1,2023-09-21,SCH004
Maurice Scott,2014-01-03,2023,F,8,2023-08-19,SCH013
Gregory Garcia,2017-12-24,2024,M,2,2024-08-20,SCH011
Angel Franklin,2008-07-27,2022,M,12,2022-09-26,SCH007
Kelly Potts,2006-10-28,2023,F,5,2023-08-25,SCH006
Michael Harris,2018-05-25,2024,M,10,2024-08-18,SCH003
Denise Baldwin,2012-01-02,2023,F,9,2023-09-07,SCH020
Mark Cox,2013-09-23,2024,M,1,2024-09-10,SCH018
Michele Barr,2020-06-05,2025,M,4,2025-09-12,SCH010
Sue Beck,2010-10-31,2023,M,7,2023-09-14,SCH001
Adam Carter,2013-05-03,2024,M,9,2024-09-10,SCH010
Luois James,2011-12-16,2024,F,11,2024-09-07,SCH008
shelley cobb,2015-07-10,2023,M,2,2023-09-15,SCH009
Meghan Robbins,2006-12-31,2024,M,4,2024-09-28,SCH015
Andrew Manning,2008-12-23,2023,F,8,2023-09-26,SCH018
Jessica Wood,2013-06-02,2022,M,5,2022-08-23,SCH012
Darren Torres,2016-10-30,2023,M,7,2023-09-02,SCH005
Carlos Williams,2010-08-07,2022,M,9,2022-09-19,SCH018
Danielle Reyes,2010-02-15,2024,M,12,2024-09-02,SCH004
David Castillo,2010-08-27,2022,F,8,2022-09-04,SCH006
Rhonda Hudson,2019-01-07,2025,F,4,2025-09-20,SCH014
Brent Scott,2007-10-28,2023,F,3,2023-09-15,SCH003
Timothy Gonzalez,2006-08-13,2024,F,12,2024-09-12,SCH004
Steven Sanders,2007-08-28,2023,M,2,2023-09-06,SCH004
Alexander Newman,2019-12-21,2024,F,12,2024-09-29,SCH010
Roberto May,2012-02-15,2024,F,3,2024-08-20,SCH004
Elizabeth Jackson,2011-05-20,2022,M,3,2022-09-18,SCH014
Taylor Brown,2019-11-09,2024,M,3,2024-09-24,SCH013
Danielle Reyes,2010-02-15,2024,M,12,2024-09-02,SCH004
Megan Stuart,2013-03-22,2025,F,7,2025-09-21,SCH001
Christopher Roman,2009-01-12,2024,F,7,2024-09-14,SCH019
Cynthia Dean,2007-12-11,2025,F,12,2025-08-16,SCH012
Michelle Thomas,2009-12-16,2022,M,8,2022-09-11,SCH016
Charles Martin,2015-09-28,2024,M,4,2024-09-18,SCH010
Sara Robertson,2017-01-27,2025,F,1,2025-09-14,SCH003
Brittany Hanson,2011-01-11,2022,M,11,2022-08-23,SCH011
Vanessa Smith,2006-11-24,2023,F,6,2023-09-09,SCH011
Joseph Martinez,2016-04-02,2022,F,9,2022-08-19,SCH012
Suzanne Smith,2016-05-19,2023,F,10,2023-08-26,SCH001
Scott Wade,2020-02-05,2025,M,2,2025-09-26,SCH012
Colin Wood,2019-09-01,2024,F,8,2024-08-24,SCH011
Susan Baird,2018-06-20,2024,F,2,2024-09-05,SCH012
Brandon Golden,2013-04-27,2022,M,5,2022-09-18,SCH007
Kelly Martinez,2011-12-22,2023,M,1,2023-09-15,SCH001
Rick Lopez,2012-01-04,2023,F,10,2023-10-10,SCH002
Adam Kent,2009-01-17,2024,M,11,2024-08-29,SCH005
Michael Daugherty,2015-06-01,2022,M,3,2022-08-26,SCH019
Leah Cooper,2016-10-21,2023,F,8,2023-09-06,SCH014
Tyler Stephens,2008-11-08,2022,M,1,2022-08-24,SCH009
Tristan Frost,2008-01-10,2023,F,6,2023-08-16,SCH003
Henry Mcmahon,2019-01-28,2025,M,11,2025-09-24,SCH006
Debra Dickerson,2006-08-28,2022,M,7,2022-09-08,SCH005
Tammy Cantu,2019-10-20,2023,M,3,2023-09-26,SCH010
Misty Sparks,2006-12-19,2023,M,3,2023-09-08,SCH003
Sean Schneider,2017-06-07,2024,M,5,2024-09-28,SCH009
Travis Fletcher,2011-03-30,2022,M,7,2022-09-10,SCH003
Andrew Davidson,2008-11-29,2024,F,9,2024-09-01,SCH016
Scott Harrison,2014-07-09,2025,M,8,2025-08-31,SCH004
William Hess,2015-03-06,2023,F,4,2023-08-25,SCH017
Eric Grant,2008-02-21,2025,F,1,2025-09-08,SCH020
Lisa Baker,2009-09-10,2023,F,10,2023-08-26,SCH002
Daniel Costa,2010-06-14,2025,M,3,2025-09-03,SCH001
John Thomas,2008-02-24,2024,M,9,2024-09-05,SCH014
Elizabeth Jackson,2011-05-20,2022,M,3,2022-09-18,SCH014
James Carr,2009-07-20,2022,F,12,2022-08-19,SCH012
Bradley Baker,2015-01-03,2023,F,4,2023-08-24,SCH001
Jerry Johnson,2013-05-18,2023,M,10,2023-08-15,SCH006
William Pineda,2012-11-17,2024,F,6,2024-09-25,SCH012
Rachel Santiago,2007-05-04,2022,M,9,2022-09-08,SCH010
Annette Carpenter,2017-10-31,2025,F,8,2025-08-26,SCH012
Chad Thompson,2006-08-21,2023,F,5,2023-09-28,SCH001
Carlos Johnson,2019-01-08,2024,M,6,2024-08-19,SCH005
Brian Williams,2020-03-27,2024,F,1,2024-09-04,SCH009
Jose Rich,2016-04-10,2022,M,12,2022-08-30,SCH002
Gabrielle Rosales,2018-07-01,2022,F,9,2022-08-18,SCH011
Richard Phillips,2009-02-23,2024,M,10,2024-10-19,SCH002
David Carpenter,2012-04-07,2023,M,10,2023-08-21,SCH016
Donald Greer,2008-05-11,2023,M,4,2023-09-27,SCH006
Lauren Jimenez,2007-01-13,2024,M,10,2024-09-08,SCH014
Christopher Palmer,2011-01-19,2022,F,5,2022-09-25,SCH010
Terry Jenkins,2018-02-17,2025,F,11,2025-09-18,SCH003
Sarah Greer,2015-05-02,2025,M,8,2025-09-08,SCH016
Donna Ray,2007-12-08,2023,M,6,2023-08-23,SCH001
Alex Hunt,2018-07-22,2023,M,5,2023-09-15,SCH011
Daniel Gray,2013-10-27,2023,F,9,2023-09-28,SCH004
Christine White,2017-10-21,2025,F,11,2025-09-13,SCH008
Victoria Avila,2018-01-30,2023,M,6,2023-09-02,SCH004
Cynthia Henderson,2009-05-21,2023,F,4,2023-08-17,SCH012
Todd Clay,2020-02-07,2023,F,3,2023-09-25,SCH002
Nicole Flores,2006-07-22,2025,F,6,2025-09-13,SCH002
Theresa Nash,2013-08-04,2022,F,4,2022-08-31,SCH003
Alyssa Lewis,2012-12-31,2024,M,4,2024-09-10,SCH002
Amy Young,2019-08-21,2023,F,5,2023-08-15,SCH014
Melissa Willis,2015-11-14,2022,F,5,2022-09-22,SCH020
Carrie Pollard,2011-10-20,2023,F,3,2023-09-12,SCH008
Austin Erickson,2009-12-20,2022,F,5,2022-09-17,SCH020
Christopher Williams,2015-08-20,2023,F,7,2023-09-20,SCH001
Richard Good,2008-03-14,2022,F,4,2022-10-05,SCH020
Jacob Benson,2017-01-04,2025,F,6,2025-08-24,SCH019
Danielle Mitchell,2017-01-30,2024,M,3,2024-09-15,SCH006
Michael West,2010-09-28,2022,M,3,2022-09-06,SCH020
Jamie Smith,2011-12-23,2023,M,12,2023-09-13,SCH017
Catherine Taylor,2012-03-27,2023,M,2,2023-09-01,SCH001
David Garcia,2018-09-30,2022,F,6,2022-09-25,SCH014
Christie Hill,2008-04-23,2024,F,5,2024-09-25,SCH012
James Green,2010-11-10,2024,M,11,2024-09-10,SCH014
Michele Barr,2020-06-05,2025,M,4,2025-09-04,SCH010
Timothy Graves,2017-04-12,2024,F,4,2024-10-03,SCH013
Timothy Le,2011-06-02,2023,M,2,2023-09-10,SCH007
Gail Griffin,2018-07-24,2025,F,4,2025-09-13,SCH001
Jeremy Keller,2017-10-23,2025,M,9,2025-09-05,SCH001
Colin Elliott,2011-09-11,2022,M,6,2022-09-23,SCH004
Joseph Cole,2013-02-22,2022,F,7,2022-08-25,SCH014
Miranda Hardy,2015-08-17,2023,F,12,2023-08-31,SCH004
Melissa Parker,2009-02-27,2022,M,4,2022-09-04,SCH008
Christopher Dominguez,2018-02-05,2025,F,5,2025-09-04,SCH017
Amy Thomas,2014-10-24,2025,M,10,2025-08-20,SCH020
Thomas Munoz,2008-05-31,2024,F,9,2024-09-02,SCH006
Amanda Spencer,2012-08-14,2022,F,1,2022-08-20,SCH019
Lisa Bell,2015-07-15,2024,M,4,2024-09-07,SCH004
Sydney Williams,2018-08-05,2024,F,3,2024-08-30,SCH006
Nicholas Skinner,2016-06-13,2023,F,5,2023-09-02,SCH005
Wendy Coleman,2013-04-14,2022,M,9,2022-09-25,SCH011
Mary Keller,2008-05-04,2022,F,6,2022-09-26,SCH020
Michael Wallace,2009-10-30,2023,F,11,2023-09-27,SCH003
Victoria Hunter,2008-05-04,2025,F,9,2025-09-22,SCH004
Daniel Nelson,2011-02-01,2023,M,11,2023-09-25,SCH013
Richard Key,2017-09-13,2023,M,9,2023-08-25,SCH019
Crystal Douglas,2006-11-24,2023,M,12,2023-09-22,SCH009
Justin Kennedy,2013-10-13,2025,F,1,2025-08-17,SCH003
Michelle Combs,2016-06-04,2023,M,4,2023-09-14,SCH004
Wanda Smith,2017-10-14,2025,F,3,2025-08-25,SCH002
Kelsey Ferguson,2016-04-17,2025,M,11,2025-09-02,SCH003
Alexis Garcia,2013-02-05,2025,M,3,2025-08-25,SCH019
Jennifer Jackson,2020-02-27,2022,F,10,2022-08-18,SCH014
Cheryl Boyle,2011-05-15,2025,M,3,2025-09-02,SCH006
Mary Ray,2012-02-24,2022,F,5,2022-08-19,SCH011
Linda Ross,2010-06-10,2024,M,3,2024-08-24,SCH019
Tammy Rice,2011-11-11,2022,M,2,2022-08-28,SCH015
Tracy Combs,2011-10-31,2024,M,7,2024-08-28,SCH013
Tracy Carroll,2014-03-01,2024,F,4,2024-09-06,SCH008
Dean Hopkins,2016-11-29,2024,M,5,2024-09-10,SCH003
Danielle Jones,2011-12-11,2023,M,11,2023-08-15,SCH002
Margaret Bradshaw,2019-05-27,2025,M,5,2025-09-13,SCH002
Steven Bradley,2006-11-26,2023,F,5,2023-10-11,SCH015
Samuel Morales,2019-01-11,2025,F,4,2025-08-19,SCH002
Sandra Mcguire,2012-05-16,2023,F,2,2023-09-05,SCH007
Kim Guerrero,2014-05-23,2022,F,6,2022-09-23,SCH009
Amber York,2013-03-20,2024,M,9,2024-08-29,SCH016
Peggy Gross,2019-11-08,2023,M,6,2023-09-13,SCH013
Kim Ray,2010-02-21,2025,F,2,2025-08-25,SCH004
Michael Hensley,2012-07-10,2022,M,6,2022-09-15,SCH018
Juan Wright,2008-10-11,2022,F,8,2022-08-16,SCH014
Lisa Brown,2014-12-17,2025,F,12,2025-09-14,SCH015
Stacy Harris,2011-12-08,2025,M,4,2025-09-19,SCH006
Thomas Yu,2010-10-18,2024,M,12,2024-08-27,SCH011
Brandon Caldwell,2017-11-23,2024,F,5,2024-08-31,SCH011
Paul Castro,2014-07-14,2024,M,6,2024-09-10,SCH009
Jacob Shaw,2007-04-01,2025,M,2,2025-08-17,SCH009
Derek Sanchez,2013-12-11,2024,M,4,2024-09-24,SCH018
Danielle Morales,2013-10-24,2025,F,1,2025-08-16,SCH003
Corey Nelson,2012-08-27,2025,M,2,2025-08-22,SCH010
John Parker,2017-09-14,2025,F,7,2025-09-19,SCH019
Joseph York,2008-05-11,2022,M,3,2022-09-09,SCH016
Manuel Wood,2014-03-31,2023,M,6,2023-08-15,SCH020
Christopher Hernandez,2019-03-03,2025,F,6,2025-08-31,SCH008
Eric Holmes,2010-01-23,2024,M,7,2024-09-12,SCH015
Bradley Shepard,2012-06-16,2025,M,5,2025-09-03,SCH009
Sara Payne,2017-12-19,2025,M,11,2025-09-13,SCH002
Maria Avila,2015-09-10,2022,M,11,2022-08-26,SCH020
Matthew Schneider,2008-01-08,2025,M,8,2025-09-09,SCH009
John Lang,2016-11-06,2023,M,5,2023-08-25,SCH009
Deanna Chen,2018-01-27,2024,F,1,2024-08-20,SCH017
Ruth Lewis,2009-06-18,2023,F,3,2023-09-15,SCH018
Anthony Harris,2015-12-25,2022,M,10,2022-08-22,SCH014
Phillip Barnett,2016-06-14,2024,F,4,2024-09-18,SCH012
Joseph Becker,2018-03-18,2025,F,8,2025-08-16,SCH016
Yvonne Smith,2019-05-06,2024,M,8,2024-09-17,SCH011
AMY COPELAND,2011-11-19,2023,F,1,2023-09-09,SCH020
Lee Jackson,2008-12-17,2022,F,7,2022-09-02,SCH001
Brandon Li,2018-08-01,2023,M,4,2023-08-29,SCH017
Mary Wilson,2019-01-03,2022,F,8,2022-09-29,SCH003
Kevin Cook,2011-02-08,2024,F,2,2024-08-22,SCH019
Paul Baxter,2008-05-22,2023,F,12,2023-09-02,SCH009
Roger Joseph,2009-10-16,2023,M,6,2023-09-05,SCH019
Susan Lawrence,2015-09-28,2025,F,4,2025-09-13,SCH005
Robert Johnson,2017-02-13,2024,M,11,2024-09-13,SCH014
Ryan Brennan,2010-06-05,2024,F,12,2024-09-15,SCH004
Michelle Rodriguez,2013-03-25,2022,M,9,2022-10-03,SCH020
Samantha Zamora,2013-11-06,2024,M,8,2024-09-27,SCH013
Nicole Lewis,2017-12-01,2022,F,3,2022-09-12,SCH002
oRbert Davis,2010-09-14,2022,M,2,2022-09-01,SCH006
Lisa Perez,2018-11-04,2024,M,3,2024-09-14,SCH020
Evan Zavala,2011-09-05,2024,M,3,2024-08-28,SCH018
Cheryl Brown,2008-10-30,2024,F,5,2024-09-12,SCH009
Tammy Davidson,2009-03-31,2025,F,12,2025-08-23,SCH008
Mary Johnson,2013-05-28,2025,M,7,2025-09-03,SCH012
Kyle Bray,2006-09-21,2025,M,1,2025-09-23,SCH018
Christopher Dominguez,2018-02-05,2025,F,5,2025-09-04,SCH017
Brendan Butler,2007-02-09,2022,F,2,2022-09-16,SCH019
Craig Rowe,2014-01-12,2025,M,2,2025-09-12,SCH009
Michael Wells,2014-01-03,2024,F,11,2024-08-30,SCH016
Peter Soto,2009-01-29,2023,M,9,2023-09-13,SCH014
Billy Hartman,2011-04-11,2022,M,2,2022-09-08,SCH003
Terri Hartman,2011-11-18,2022,F,5,2022-09-16,SCH010
David Gonzales,2006-07-17,2024,F,2,2024-08-17,SCH007
Nicole Kane,2009-11-23,2022,M,5,2022-09-23,SCH020
Shane Stanley,2018-10-19,2022,F,5,2022-09-28,SCH014
Daniel Dixon,2017-09-22,2023,F,3,2023-09-07,SCH009
Kyle Flowers,2012-08-24,2025,M,7,2025-09-29,SCH005
Jontahan Chan,2009-07-01,2022,F,11,2022-09-19,SCH009
Keith Matthews,2015-05-17,2024,F,6,2024-09-05,SCH007
James Cruz,2017-09-28,2023,F,12,2023-09-22,SCH020
Briana Morrison,2007-08-23,2022,M,12,2022-08-21,SCH001
Brian Williams,2020-03-27,2024,F,1,2024-09-22,SCH009
Melissa Harper,2008-08-16,2025,F,6,2025-08-20,SCH008
Brian Hogan,2009-02-24,2023,M,9,2023-09-29,SCH019
Douglas Moore,2014-06-10,2023,F,2,2023-08-26,SCH011
Zachary Jensen,2012-02-09,2024,M,4,2024-10-03,SCH015
Jeffrey Johnson,2019-06-14,2023,F,1,2023-09-04,SCH015
eJssica Davidson,2018-02-27,2023,F,3,2023-09-28,SCH004
Jay Stephens,2013-12-27,2023,F,8,2023-09-21,SCH020
Melissa Lynch,2019-08-01,2022,F,6,2022-09-25,SCH003
Stacy Harris,2011-12-08,2025,M,4,2025-09-19,SCH006
Mikayla Schwartz,2012-03-04,2023,M,9,2023-08-18,SCH012
Suzanne Pitts,2014-05-03,2025,F,7,2025-09-15,SCH009
Richard Sherman,2018-09-09,2022,M,7,2022-08-21,SCH013
Jason Barrett,2009-10-29,2024,M,12,2024-09-06,SCH017
Dennis Conner,2014-09-13,2025,M,11,2025-09-11,SCH001
Alvin Moore,2007-07-11,2023,F,9,2023-08-16,SCH004
Rebecca Cordova,2018-05-18,2022,F,10,2022-09-21,SCH018
Jessica Perez,2010-02-16,2025,M,4,2025-09-11,SCH014
Melissa Wright,2018-06-17,2022,F,11,2022-09-06,SCH005
Tyler Hill,2016-03-06,2024,F,11,2024-08-26,SCH013
Matthew Wood,2019-04-28,2023,M,8,2023-09-10,SCH010
Samuel Hart,2014-08-07,2022,F,4,2022-08-16,SCH011
Matthew Rojas,2017-12-22,2024,M,2,2024-08-27,SCH013
Erika Tyler,2018-03-28,2023,F,8,2023-09-28,SCH010
Lori Beard,2008-11-07,2025,M,7,2025-08-20,SCH006
James Morgan,2011-12-04,2024,M,9,2024-09-02,SCH005
Richard Rogers,2014-08-07,2023,M,10,2023-09-11,SCH012
Felicia Gomez,2019-03-10,2024,M,11,2024-09-18,SCH007
Peter Butler,2014-12-30,2023,M,8,2023-08-29,SCH004
Pamela Warner,2016-10-27,2022,F,2,2022-09-03,SCH011
Shawn Chambers,2007-11-20,2022,F,11,2022-08-21,SCH010
Michael Hayden,2011-02-21,2023,F,11,2023-09-01,SCH016
Joshua Eaton,2011-02-28,2023,F,8,2023-09-04,SCH015
Kimberly Waters,2019-10-04,2023,F,10,2023-08-16,SCH007
Richard Whitaker,2019-07-15,2024,M,8,2024-09-06,SCH006
David Crawford,2017-07-20,2025,M,7,2025-09-22,SCH008
Julie Jones,2012-09-20,2022,F,2,2022-08-26,SCH020
Andrea Davis,2015-03-13,2023,F,9,2023-08-19,SCH016
Rachel Garcia,2012-04-17,2025,F,8,2025-08-29,SCH014
Shane Peck,2011-06-16,2023,M,11,2023-09-02,SCH002
Dwayne Morgan,2009-06-27,2022,F,1,2022-09-09,SCH009
Sandra Foster,2006-10-29,2024,M,5,2024-08-28,SCH014
Angelica Holmes,2017-10-04,2022,M,5,2022-09-05,SCH005
Donald Armstrong,2009-09-22,2022,F,2,2022-08-23,SCH013
Henry Kelly,2009-08-05,2024,M,6,2024-09-15,SCH001
Steven Rivera,2008-10-21,2025,M,10,2025-09-03,SCH006
Ronald Brewer,2010-09-21,2023,M,3,2023-09-09,SCH019
Tammy Graves,2019-04-29,2024,M,12,2024-09-10,SCH009
Erica Baker,2013-04-23,2025,F,7,2025-09-19,SCH017
Kelly Martinez,2011-12-22,2023,M,1,2023-09-03,SCH001
Karen Cook,2008-09-04,2022,F,2,2022-08-31,SCH011
Melanie Mercer,2010-01-27,2024,M,11,2024-09-01,SCH001
Jason Thompson,2015-03-15,2024,M,2,2024-09-05,SCH014
Connie Williams,2009-07-07,2025,F,6,2025-08-28,SCH019
Crystal Anderson,2008-05-27,2023,M,4,2023-09-28,SCH011
Peter Leon,2007-05-01,2025,M,9,2025-09-24,SCH006
Gina Ward,2010-12-23,2025,M,11,2025-09-21,SCH006
Brian Jimenez,2008-12-14,2025,F,11,2025-09-04,SCH008
Eric Lyons,2011-09-27,2024,M,8,2024-10-02,SCH017
Eileen Garza,2006-07-06,2024,F,10,2024-09-18,SCH012
Nicole Mendoza,2016-10-02,2024,M,10,2024-09-29,SCH020
Rita Bell,2013-07-12,2023,M,4,2023-09-14,SCH005
Rachel Adams,2015-09-07,2022,F,5,2022-09-07,SCH001
Amy Williams,2007-11-23,2022,F,12,2022-09-29,SCH014
Christopher Johnson,2014-07-15,2024,M,8,2024-09-11,SCH008
Sarah Simpson,2010-05-05,2024,F,6,2024-09-23,SCH019
Lisa Boyd,2007-10-21,2022,F,7,2022-08-18,SCH019
anthony williams,2008-11-23,2024,M,9,2024-09-16,SCH018
John Hoffman,2013-01-31,2025,F,8,2025-09-29,SCH013
Erika Ross,2018-10-05,2025,F,5,2025-08-26,SCH001
Rebecca Evans,2017-08-27,2023,F,8,2023-09-20,SCH004
matthew terry,2009-08-30,2022,F,11,2022-09-29,SCH006
Angel Ramirez,2007-12-05,2025,M,7,2025-09-27,SCH017
Patrick Cooper,2018-12-13,2025,F,6,2025-09-05,SCH001
Emily Rose,2007-03-25,2024,F,6,2024-09-22,SCH006
Mark Hunt,2011-10-09,2024,F,11,2024-09-07,SCH004
Patricia Berger,2008-11-29,2022,F,3,2022-09-12,SCH012
Latasha Wright,2012-09-08,2022,M,5,2022-09-21,SCH018
Kelly Charles,2008-11-22,2023,F,8,2023-09-12,SCH007
Brandon Li,2018-08-01,2023,M,4,2023-08-29,SCH017
Michael Walker,2008-05-10,2025,M,12,2025-08-31,SCH008
Chris Jordan,2016-07-17,2023,M,10,2023-09-10,SCH006
Michaela Morgan,2019-07-26,2023,F,3,2023-09-25,SCH014
Courtney Watson,2015-03-21,2024,M,9,2024-08-17,SCH004
David Gonzales,2006-07-17,2024,F,2,2024-08-17,SCH007
Michael Melton,2014-08-31,2023,F,8,2023-08-18,SCH018
Andrew Peterson,2016-05-04,2024,F,6,2024-08-29,SCH004
Ronald Jones,2010-11-10,2024,M,10,2024-08-26,SCH010
Rachael Anderson,2011-02-09,2022,F,7,2022-09-10,SCH018
Nicole Hines,2007-07-22,2023,F,2,2023-09-18,SCH015
Mark Ward,2006-07-12,2024,F,7,2024-09-04,SCH010
William Henry,2012-04-20,2024,F,12,2024-09-11,SCH018
Edgar Duffy,2015-01-22,2022,M,6,2022-08-28,SCH006
Elizabeth Harper,2020-04-12,2025,F,10,2025-08-21,SCH012
Michael Massey,2016-07-21,2022,F,10,2022-09-18,SCH017
Jean Mccormick,2015-01-23,2025,M,11,2025-08-22,SCH015
Larry Hester,2016-10-11,2024,M,10,2024-09-01,SCH005
Laurie Harris,2009-01-18,2022,F,10,2022-09-21,SCH014
Carla Miller,2016-11-01,2023,M,9,2023-09-25,SCH006
Martin Murphy,2014-08-26,2025,F,7,2025-09-11,SCH014
Henry Gordon,2007-09-17,2022,M,11,2022-08-19,SCH020
Darlene Barker,2013-08-29,2022,F,3,2022-08-24,SCH018
Jonathan Martin,2015-08-07,2025,F,5,2025-09-04,SCH001
Louis James,2011-12-16,2024,F,11,2024-09-07,SCH008
Timothy Hamilton,2011-01-12,2022,F,7,2022-08-24,SCH018
Kristin Jenkins,2006-12-30,2024,F,6,2024-08-25,SCH007
Michael Murphy,2012-03-30,2024,M,4,2024-09-22,SCH015
Wayne Rodriguez,2016-11-11,2024,M,3,2024-09-01,SCH019
Jeffrey Schmitt,2007-02-26,2025,M,1,2025-09-04,SCH016
Alyssa Lewis,2012-12-31,2024,M,4,2024-09-10,SCH002
Henry Gross,2015-03-14,2023,M,1,2023-09-10,SCH008
William Smith,2011-10-26,2024,F,8,2024-08-18,SCH018
James Rodriguez,2016-05-04,2025,M,9,2025-09-08,SCH004
Brendan Garcia,2020-03-02,2022,F,12,2022-08-20,SCH011
Gwendolyn Palmer,2013-07-26,2025,F,12,2025-09-14,SCH003
Pamela Miller,2013-04-11,2025,M,7,2025-09-11,SCH014
Rachel Hess,2011-08-31,2025,M,6,2025-08-21,SCH013
Melissa Stevens,2010-02-03,2025,M,4,2025-09-25,SCH002
Jesse Hernandez,2018-12-13,2023,F,5,2023-09-24,SCH010
David Hamilton,2018-05-12,2022,M,9,2022-09-18,SCH018
Kaitlyn Collins,2016-12-07,2023,M,1,2023-08-25,SCH001
Erin Baker,2014-08-18,2024,F,2,2024-09-12,SCH019
John Davis,2019-07-22,2024,F,2,2024-09-03,SCH014
David Rogers,2007-10-27,2022,M,11,2022-08-29,SCH017
Robert Adams,2015-04-25,2022,M,3,2022-09-15,SCH011
Kevin King,2007-04-22,2025,M,12,2025-08-25,SCH010
Aaron Massey,2019-08-28,2022,F,9,2022-09-17,SCH018
JASON THOMAS,2015-11-18,2023,F,1,2023-09-19,SCH017
Cory Green,2016-01-25,2023,M,10,2023-08-26,SCH007
Katherine Reynolds,2009-12-23,2024,M,11,2024-09-26,SCH001
Alexander Wells,2020-01-05,2024,F,9,2024-09-11,SCH016
Rick Pineda,2014-02-07,2023,M,6,2023-09-15,SCH004
Timothy Hamilton,2011-01-12,2022,F,7,2022-08-24,SCH018
Thomas Andrade,2017-04-03,2025,M,4,2025-09-29,SCH010
Andrew Velazquez,2007-04-13,2025,F,4,2025-08-17,SCH011
Shannon Brewer,2010-04-18,2025,M,4,2025-09-09,SCH010
Maxwell Huynh,2016-04-11,2024,M,12,2024-09-08,SCH002
Terri Bennett,2011-06-13,2023,M,3,2023-08-31,SCH006
Linda Schwartz,2020-02-10,2024,M,6,2024-09-01,SCH006
George Richardson,2019-04-06,2024,F,4,2024-08-23,SCH008
Nicholas Dunn,2010-07-12,2025,M,1,2025-09-14,SCH003
David Kelly,2019-01-21,2023,M,4,2023-08-18,SCH017
Michael Simmons,2009-09-04,2025,M,2,2025-09-21,SCH011
Jennifer Barker,2009-09-27,2023,M,3,2023-08-31,SCH007
David Thompson,2008-02-23,2022,F,5,2022-08-31,SCH004
Russell Vasquez,2015-09-06,2024,F,7,2024-08-23,SCH015
Dana Wolfe,2017-06-27,2025,M,5,2025-09-15,SCH007
Richard James,2015-02-22,2025,F,11,2025-09-02,SCH020
Rhonda Brown,2019-08-22,2025,M,9,2025-08-21,SCH003
Laura Harris,2018-09-04,2025,M,12,2025-09-18,SCH013
James Brown,2011-09-16,2024,M,8,2024-09-19,SCH001
Melissa Evans,2009-06-30,2023,F,12,2023-08-22,SCH005
Heather Munoz,2019-09-27,2024,F,10,2024-08-26,SCH015
Heidi Parker,2006-07-17,2023,M,7,2023-08-30,SCH018
Marvin Johnson,2012-10-25,2022,F,5,2022-09-18,SCH019
Amanda Moody,2015-08-15,2025,M,5,2025-09-02,SCH004
Noah Mitchell,2011-11-25,2023,M,11,2023-09-06,SCH001
Scott Reyes,2011-03-26,2025,F,6,2025-08-28,SCH015
Terry Hart,2010-09-15,2025,M,8,2025-08-22,SCH002
Anthony Smith,2014-01-02,2024,F,5,2024-09-15,SCH009
Marvin Johnson,2012-10-25,2022,F,5,2022-08-31,SCH019
Stephen Adams,2015-01-21,2022,F,7,2022-09-11,SCH008
Sarah Howard,2010-05-22,2024,F,8,2024-09-15,SCH008
Jennifer Edwards,2014-01-28,2022,F,2,2022-09-11,SCH020
Alexis Crawford,2018-11-03,2022,F,1,2022-09-15,SCH011
Donna Brown,2010-08-23,2025,M,7,2025-08-15,SCH017
David Smith,2018-02-07,2023,F,3,2023-09-13,SCH006
Richard Whitaker,2019-07-15,2024,M,8,2024-08-25,SCH006
Tyrone Brown,2013-05-07,2024,F,10,2024-08-22,SCH015
Grant Hoffman,2013-05-10,2022,F,10,2022-09-16,SCH001
jacob shaw,2007-04-01,2025,M,2,2025-08-26,SCH009
Patrick Brewer,2014-01-30,2023,F,3,2023-09-24,SCH018
Laura Rangel,2009-03-06,2023,F,10,2023-09-12,SCH012
Jeffrey Williams,2012-12-31,2022,F,9,2022-09-22,SCH006
Billy Hartman,2011-04-11,2022,M,2,2022-09-29,SCH003
Jennifer Harris,2007-12-11,2025,F,12,2025-09-18,SCH020
Brooke Garcia,2018-02-25,2023,F,4,2023-08-21,SCH009
William Pineda,2012-11-17,2024,F,6,2024-09-22,SCH012
Brian Delgado,2006-07-17,2025,F,10,2025-09-12,SCH011
Veronica White,2009-03-06,2025,F,7,2025-08-16,SCH008
David Thompson,2008-02-23,2022,F,5,2022-08-17,SCH004
Catherine Smith,2014-01-05,2022,M,3,2022-09-04,SCH013
Anthony Green,2018-09-29,2022,F,11,2022-09-01,SCH003
Robin Stokes,2018-06-18,2024,F,1,2024-08-28,SCH015
Phillip Barnett,2016-06-14,2024,F,4,2024-09-18,SCH012
Chelsea Nelson,2009-01-08,2022,M,8,2022-09-02,SCH010
Sherry Russell,2019-06-15,2023,F,5,2023-09-09,SCH005
Lisa Castaneda,2009-02-09,2024,F,9,2024-09-23,SCH010
Rachel Williams,2010-06-03,2023,F,5,2023-08-17,SCH010
Eric Casey,2018-05-16,2022,F,1,2022-08-23,SCH019
Peter Cox,2018-05-18,2024,M,9,2024-09-06,SCH015
Sarah Collins,2012-01-07,2022,F,6,2022-09-02,SCH003
Lori Stephenson,2014-07-29,2024,F,2,2024-08-17,SCH003
Sarah Vaughan,2020-04-08,2025,M,8,2025-09-20,SCH001
Michelle Torres,2019-01-19,2025,F,12,2025-08-30,SCH011
Sarah Gibson,2006-09-14,2022,M,6,2022-09-09,SCH007
Adnrew Lewis,2017-09-25,2023,F,9,2023-09-12,SCH020
Richard Martinez,2014-09-13,2025,M,6,2025-09-16,SCH012
Emily Dodson,2011-06-24,2023,M,11,2023-08-23,SCH013
Peter Ball,2009-12-14,2023,M,1,2023-09-27,SCH016
Zachary Jensen,2012-02-09,2024,M,4,2024-09-03,SCH015
Peter Peters,2009-10-14,2025,F,9,2025-09-19,SCH008
Karen Ray,2009-05-30,2025,M,10,2025-08-28,SCH014
Sandra Smith,2007-09-17,2022,F,11,2022-10-15,SCH014
Jacob Graham,2016-05-17,2025,F,3,2025-09-12,SCH019
Steven Jenkins,2013-05-01,2024,M,12,2024-09-28,SCH001
Daniel Sullivan,2015-04-10,2024,F,6,2024-09-11,SCH018
Christina Booker,2011-06-14,2024,M,10,2024-09-17,SCH005
John Reese,2009-12-19,2025,M,8,2025-09-14,SCH010
Kimberly Smith,2009-10-17,2025,F,8,2025-08-19,SCH004
Samantha Mcdaniel,2007-02-24,2022,M,12,2022-09-23,SCH004
Shannon Baker,2011-02-22,2025,F,7,2025-09-11,SCH011
Connor Davis,2020-03-16,2022,M,2,2022-08-27,SCH004
melissa murphy,2019-08-16,2022,F,1,2022-08-29,SCH005
Kristen Smith,2013-09-30,2024,M,9,2024-09-11,SCH004
Jamie Harris,2015-12-23,2024,F,7,2024-09-10,SCH014
Robert Haas,2016-01-09,2024,M,12,2024-08-26,SCH009
Matthew White,2015-12-01,2025,M,2,2025-08-19,SCH002
Robert Harris,2009-03-11,2025,M,6,2025-09-14,SCH012
Justin Reeves,2009-04-29,2022,F,2,2022-09-06,SCH019
Ruth Lewis,2009-06-18,2023,F,3,2023-09-15,SCH018
Marissa Wagner,2019-04-19,2023,M,5,2023-08-18,SCH002
Lauren Williams,2013-03-08,2023,F,11,2023-09-06,SCH006
Brian Rogers,2014-12-09,2025,F,10,2025-09-11,SCH016
John Greer,2015-12-15,2022,F,7,2022-08-27,SCH019
Michael French,2007-11-02,2022,F,8,2022-09-04,SCH014
Ann Wilson,2014-08-03,2022,M,3,2022-09-22,SCH003
Brandi Richmond,2010-07-28,2024,F,11,2024-08-17,SCH005
Jennifer Sampson,2018-07-12,2022,M,1,2022-09-29,SCH003
Carl Jackson,2015-11-19,2024,F,4,2024-09-25,SCH014
Michael Allen,2017-12-27,2023,M,6,2023-08-19,SCH016
Antonio Pope,2011-08-05,2025,M,8,2025-08-21,SCH008
francisco le,2007-10-29,2025,M,3,2025-09-11,SCH016
Robert Wagner,2015-01-28,2023,F,3,2023-08-18,SCH018
Timothy Wise,2014-08-01,2024,F,8,2024-09-10,SCH019
Kara Johnston,2012-03-16,2022,M,5,2022-09-04,SCH009
Megan Wagner,2020-03-26,2024,M,3,2024-09-01,SCH018
Thomas Shaw,2016-12-30,2023,M,11,2023-09-06,SCH012
Connie Rogers,2013-12-20,2022,F,3,2022-09-05,SCH020
Anna Gonzalez,2012-09-19,2022,M,3,2022-09-15,SCH001
Jocelyn Holden,2008-08-01,2022,M,2,2022-08-16,SCH018
Thomas Hill,2007-06-28,2023,F,9,2023-09-04,SCH013
Brandy Santana,2019-07-19,2022,F,2,2022-08-15,SCH014
Paul Davis,2007-03-19,2024,F,5,2024-09-06,SCH008
Timothy Avery,2010-03-04,2024,M,6,2024-08-15,SCH001
James Carr,2009-07-20,2022,F,12,2022-08-19,SCH012
Melissa Hebert,2020-05-06,2025,F,6,2025-09-01,SCH011
Dana White,2018-04-20,2022,M,11,2022-09-18,SCH008
Kristen Velazquez,2017-08-31,2025,M,4,2025-09-04,SCH019
Robert Hale,2009-01-14,2025,M,6,2025-08-19,SCH010
Kevin Jones,2013-02-28,2022,M,11,2022-09-29,SCH013
Anna Dillon,2008-07-28,2024,M,9,2024-09-08,SCH007
Frances Mccormick,2006-10-08,2025,F,12,2025-09-10,SCH007
